,url
0,https://github.com/AdaCore/libadalang/archive/refs/heads/main.zip
1,https://github.com/AdaCore/Ada_Drivers_Library/archive/refs/heads/main.zip
2,https://github.com/Lucretia/sdlada/archive/refs/heads/main.zip
3,https://github.com/OpenAADL/ocarina/archive/refs/heads/main.zip
4,https://github.com/Lucretia/tamp/archive/refs/heads/main.zip
5,https://github.com/zertovitch/hac/archive/refs/heads/main.zip
6,https://github.com/AdaCore/ada_language_server/archive/refs/heads/main.zip
7,https://github.com/AdaDoom3/AdaDoom3/archive/refs/heads/main.zip
8,https://github.com/AdaCore/gnatstudio/archive/refs/heads/main.zip
9,https://github.com/AdaCore/gtkada/archive/refs/heads/main.zip
20,https://github.com/persan/zeromq-Ada/archive/refs/heads/main.zip
21,https://github.com/flyx/OpenGLAda/archive/refs/heads/main.zip
22,https://github.com/AdaCore/xmlada/archive/refs/heads/main.zip
23,https://github.com/AdaCore/aws/archive/refs/heads/main.zip
24,https://github.com/AdaCore/svd2ada/archive/refs/heads/main.zip
25,https://github.com/stcarrez/ada-util/archive/refs/heads/main.zip
26,https://github.com/stcarrez/ada-awa/archive/refs/heads/main.zip
27,https://github.com/tofgarion/spark-by-example/archive/refs/heads/main.zip
28,https://github.com/MayaPosch/Sarge/archive/refs/heads/main.zip
29,https://github.com/alire-project/alire/archive/refs/heads/main.zip
30,https://github.com/Nikokrock/ada-lua/archive/refs/heads/main.zip
31,https://github.com/Lucretia/bare_bones/archive/refs/heads/main.zip
32,https://github.com/cforler/Ada-Crypto-Library/archive/refs/heads/main.zip
33,https://github.com/AdaCore/ada-traits-containers/archive/refs/heads/main.zip
34,https://github.com/ytomino/drake/archive/refs/heads/main.zip
35,https://github.com/yaml/AdaYaml/archive/refs/heads/main.zip
36,https://github.com/UnstableDesign/AdaCAD/archive/refs/heads/main.zip
37,https://github.com/Fabien-Chouteau/ACNC/archive/refs/heads/main.zip
38,https://github.com/JeremyGrosser/rp2040_hal/archive/refs/heads/main.zip
39,https://github.com/gabriele-galeotti/SweetAda/archive/refs/heads/main.zip
40,https://github.com/simonjwright/cortex-gnat-rts/archive/refs/heads/main.zip
41,https://github.com/pmderodat/ada-toml/archive/refs/heads/main.zip
42,https://github.com/karakalo/lumen/archive/refs/heads/main.zip
43,https://github.com/JeremyGrosser/pico_examples/archive/refs/heads/main.zip
44,https://github.com/Apress/beginning-ada-programming/archive/refs/heads/main.zip
45,https://github.com/ajxs/cxos/archive/refs/heads/main.zip
46,https://github.com/JeremyGrosser/pico_bsp/archive/refs/heads/main.zip
47,https://github.com/stcarrez/ada-ado/archive/refs/heads/main.zip
48,https://github.com/Fabien-Chouteau/usb_embedded/archive/refs/heads/main.zip
49,https://github.com/thindil/steamsky/archive/refs/heads/main.zip
50,https://github.com/cubesatlab/cubedos/archive/refs/heads/main.zip
51,https://github.com/Fabien-Chouteau/eagle-lander/archive/refs/heads/main.zip
52,https://github.com/OneWingedShark/Ada_Tutorial/archive/refs/heads/main.zip
53,https://github.com/tomekw/simple_blockchain/archive/refs/heads/main.zip
54,https://github.com/reznikmm/protobuf/archive/refs/heads/main.zip
55,https://github.com/stcarrez/ada-keystore/archive/refs/heads/main.zip
56,https://github.com/rowsail/AdaForMicrocontrollers/archive/refs/heads/main.zip
57,https://github.com/stcarrez/ada-enet/archive/refs/heads/main.zip
58,https://github.com/raph-amiard/cours-ada-epita/archive/refs/heads/main.zip
59,https://github.com/OpenAADL/polyorb-hi-ada/archive/refs/heads/main.zip
60,https://github.com/lasp/adamant/archive/refs/heads/main.zip
61,https://github.com/AdaCore/win32ada/archive/refs/heads/main.zip
62,https://github.com/AdaCore/Robotics_with_Ada/archive/refs/heads/main.zip
63,https://github.com/raph-amiard/ada-synth-lib/archive/refs/heads/main.zip
64,https://github.com/stcarrez/ada-bfd/archive/refs/heads/main.zip
65,https://github.com/onox/json-ada/archive/refs/heads/main.zip
66,https://github.com/zertovitch/lea/archive/refs/heads/main.zip
67,https://github.com/mgrojo/ASFML/archive/refs/heads/main.zip
68,https://github.com/Fabien-Chouteau/bbqueue-spark/archive/refs/heads/main.zip
69,https://github.com/Ada-France/ayacc/archive/refs/heads/main.zip
70,https://github.com/stcarrez/swagger-ada/archive/refs/heads/main.zip
71,https://github.com/RREE/build-avr-ada-toolchain/archive/refs/heads/main.zip
72,https://github.com/Componolit/ada-runtime/archive/refs/heads/main.zip
73,https://github.com/jrmarino/AdaBase/archive/refs/heads/main.zip
74,https://github.com/samueltardieu/aforth/archive/refs/heads/main.zip
75,https://github.com/godunko/adawebpack/archive/refs/heads/main.zip
76,https://github.com/Ada-France/aflex/archive/refs/heads/main.zip
77,https://github.com/docandrew/CuBit/archive/refs/heads/main.zip
78,https://github.com/medsec/ada-fuse/archive/refs/heads/main.zip
79,https://github.com/AdaCore/RC_Car_Demo/archive/refs/heads/main.zip
80,https://github.com/alire-project/semantic_versioning/archive/refs/heads/main.zip
81,https://github.com/MLH/mlh-localhost-adacore/archive/refs/heads/main.zip
82,https://github.com/CodeWelt/Ada/archive/refs/heads/main.zip
83,https://github.com/flyx/OpenCLAda/archive/refs/heads/main.zip
84,https://github.com/yet-another-static-site-generator/yass/archive/refs/heads/main.zip
85,https://github.com/Lucretia/ether/archive/refs/heads/main.zip
86,https://github.com/reznikmm/matreshka_archive/archive/refs/heads/main.zip
87,https://github.com/malaise/ada/archive/refs/heads/main.zip
88,https://github.com/ogorodnik/rpb_ada/archive/refs/heads/main.zip
89,https://github.com/lambourg/Ada_Bare_Metal_Demos/archive/refs/heads/main.zip
90,https://github.com/dgpv/spark-bitcoin-transaction-example/archive/refs/heads/main.zip
91,https://github.com/Lucretia/meta-ada/archive/refs/heads/main.zip
92,https://github.com/subjrs/Jaba/archive/refs/heads/main.zip
93,https://github.com/damaki/libkeccak/archive/refs/heads/main.zip
94,https://github.com/stcarrez/dynamo/archive/refs/heads/main.zip
95,https://github.com/rtyler/ada-playground/archive/refs/heads/main.zip
96,https://github.com/zertovitch/gwindows/archive/refs/heads/main.zip
97,https://github.com/zertovitch/globe-3d/archive/refs/heads/main.zip
98,https://github.com/damaki/DW1000/archive/refs/heads/main.zip
99,https://github.com/zertovitch/pascal-to-ada/archive/refs/heads/main.zip
100,https://github.com/rtyler/memcache-ada/archive/refs/heads/main.zip
101,https://github.com/Robert-Tice/AdaRoombot/archive/refs/heads/main.zip
102,https://github.com/psyomn/ash/archive/refs/heads/main.zip
103,https://github.com/Fabien-Chouteau/qoi-spark/archive/refs/heads/main.zip
104,https://github.com/AdaCore/wposix/archive/refs/heads/main.zip
105,https://github.com/nsbrown/hermes/archive/refs/heads/main.zip
106,https://github.com/onox/orka/archive/refs/heads/main.zip
107,https://github.com/briot/gnatbdd/archive/refs/heads/main.zip
108,https://github.com/AdaCore/UnityAdaTetris/archive/refs/heads/main.zip
109,https://github.com/alire-project/ada_spark_workflow/archive/refs/heads/main.zip
110,https://github.com/Blady-Com/florist/archive/refs/heads/main.zip
111,https://github.com/alkhimey/Ada_Kernel_Module_Framework/archive/refs/heads/main.zip
112,https://github.com/zertovitch/zip-ada/archive/refs/heads/main.zip
113,https://github.com/karakalo/old-lumen/archive/refs/heads/main.zip
114,https://github.com/fastrgv/AdaGate/archive/refs/heads/main.zip
115,https://github.com/Fabien-Chouteau/Ada_Time/archive/refs/heads/main.zip
116,https://github.com/dmbaturin/hvinfo/archive/refs/heads/main.zip
117,https://github.com/sergio-gomez/Radalib/archive/refs/heads/main.zip
118,https://github.com/frett27/Ada-Synthetizer/archive/refs/heads/main.zip
119,https://github.com/rtyler/fucked-ada/archive/refs/heads/main.zip
120,https://github.com/jrcarter/Ada_GUI/archive/refs/heads/main.zip
121,https://github.com/zertovitch/mathpaqs/archive/refs/heads/main.zip
122,https://github.com/Blady-Com/gnoga/archive/refs/heads/main.zip
123,https://github.com/lasp/adamant_example/archive/refs/heads/main.zip
124,https://github.com/joular/powerjoular/archive/refs/heads/main.zip
125,https://github.com/pmderodat/ada-generators/archive/refs/heads/main.zip
126,https://github.com/stcarrez/ada-asf/archive/refs/heads/main.zip
127,https://github.com/Alex-Gamper/Ada-WinRT/archive/refs/heads/main.zip
128,https://github.com/hyphanet/lib-AdaFN/archive/refs/heads/main.zip
129,https://github.com/OneWingedShark/Forth/archive/refs/heads/main.zip
130,https://github.com/jgrivera67/make-with-ada/archive/refs/heads/main.zip
131,https://github.com/charlie5/aShell/archive/refs/heads/main.zip
132,https://github.com/berriedale/async-ada/archive/refs/heads/main.zip
133,https://github.com/Lucretia/tamp2/archive/refs/heads/main.zip
134,https://github.com/michael-hardeman/bitcoin_script/archive/refs/heads/main.zip
135,https://github.com/reznikmm/adalib/archive/refs/heads/main.zip
136,https://github.com/Ada-Audio/audio_wavefiles/archive/refs/heads/main.zip
137,https://github.com/rtyler/redis-ada/archive/refs/heads/main.zip
138,https://github.com/jrmarino/libsodium-ada/archive/refs/heads/main.zip
139,https://github.com/masilvabustos/waitfreesync/archive/refs/heads/main.zip
140,https://github.com/Fabien-Chouteau/Wee-Noise-Maker/archive/refs/heads/main.zip
141,https://github.com/AJ-Ianozi/Cashe/archive/refs/heads/main.zip
142,https://github.com/BrentSeidel/BBS-BBB-Ada/archive/refs/heads/main.zip
143,https://github.com/ohenley/qt5ada/archive/refs/heads/main.zip
144,https://github.com/BrentSeidel/Ada-Lisp/archive/refs/heads/main.zip
145,https://github.com/ellamosi/libgade/archive/refs/heads/main.zip
146,https://github.com/osannolik/ada-canopen/archive/refs/heads/main.zip
147,https://github.com/mhanuel26/ada-ipstack/archive/refs/heads/main.zip
148,https://github.com/persan/mosquitto-ada/archive/refs/heads/main.zip
149,https://github.com/thindil/hunter/archive/refs/heads/main.zip
150,https://github.com/JulTob/Ada/archive/refs/heads/main.zip
151,https://github.com/wookey-project/ewok-kernel/archive/refs/heads/main.zip
152,https://github.com/zertovitch/ada-bar-codes/archive/refs/heads/main.zip
153,https://github.com/xdesigns/Ada-profiler/archive/refs/heads/main.zip
154,https://github.com/rtyler/euler-ada/archive/refs/heads/main.zip
155,https://github.com/stcarrez/ada-css/archive/refs/heads/main.zip
156,https://github.com/jscparker/math_packages/archive/refs/heads/main.zip
157,https://github.com/AdaCore/language-examples/archive/refs/heads/main.zip
158,https://github.com/stcarrez/ada-security/archive/refs/heads/main.zip
159,https://github.com/michael-hardeman/gdnative_ada/archive/refs/heads/main.zip
160,https://github.com/OS108/OAC/archive/refs/heads/main.zip
161,https://github.com/jhumphry/parse_args/archive/refs/heads/main.zip
162,https://github.com/mhatzl/spark_unbound/archive/refs/heads/main.zip
163,https://github.com/Blady-Com/UXStrings/archive/refs/heads/main.zip
164,https://github.com/TNO/Rejuvenation-Ada/archive/refs/heads/main.zip
165,https://github.com/andgi/NBAda/archive/refs/heads/main.zip
166,https://github.com/nickpascucci/ravenscar-sfp-stm32f411-nucleo/archive/refs/heads/main.zip
167,https://github.com/mosteo/aaa/archive/refs/heads/main.zip
168,https://github.com/stcarrez/ada-wiki/archive/refs/heads/main.zip
169,https://github.com/CodersCafeTech/AWS/archive/refs/heads/main.zip
170,https://github.com/Blunk-electronic/ada_training/archive/refs/heads/main.zip
171,https://github.com/anthony-arnold/AdaID/archive/refs/heads/main.zip
172,https://github.com/Fabien-Chouteau/ada-voxel-space-demo/archive/refs/heads/main.zip
173,https://github.com/zertovitch/gid/archive/refs/heads/main.zip
174,https://github.com/estebancalabria/ADA/archive/refs/heads/main.zip
175,https://github.com/Lucretia/adavulkan/archive/refs/heads/main.zip
176,https://github.com/talalquleh/Ada/archive/refs/heads/main.zip
177,https://github.com/Roldak/AGC/archive/refs/heads/main.zip
178,https://github.com/charlie5/lace-prototype-deprecated/archive/refs/heads/main.zip
179,https://github.com/reznikmm/ada-lsp/archive/refs/heads/main.zip
180,https://github.com/Componolit/gneiss/archive/refs/heads/main.zip
181,https://github.com/tsoding/ada-gol/archive/refs/heads/main.zip
182,https://github.com/Lucretia/jni/archive/refs/heads/main.zip
183,https://github.com/OneWingedShark/Byron/archive/refs/heads/main.zip
184,https://github.com/corcorans/arc/archive/refs/heads/main.zip
185,https://github.com/mimo/raylib-Ada/archive/refs/heads/main.zip
186,https://github.com/TamaMcGlinn/AdaBots/archive/refs/heads/main.zip
187,https://github.com/jrmarino/zstd-ada/archive/refs/heads/main.zip
188,https://github.com/Latence-Technologies/Kafka-Ada/archive/refs/heads/main.zip
189,https://github.com/godunko/adagl/archive/refs/heads/main.zip
190,https://github.com/raph-amiard/learn-ada-in-y-minutes/archive/refs/heads/main.zip
191,https://github.com/fastrgv/AdaVenture/archive/refs/heads/main.zip
192,https://github.com/pyjarrett/trendy_test/archive/refs/heads/main.zip
193,https://github.com/Componolit/SXML/archive/refs/heads/main.zip
194,https://github.com/johnleimon/gtk-bento/archive/refs/heads/main.zip
195,https://github.com/frank-at-adacore/game_of_life/archive/refs/heads/main.zip
196,https://github.com/joakim-strandberg/wayland_ada_binding/archive/refs/heads/main.zip
197,https://github.com/annexi-strayline/Curses/archive/refs/heads/main.zip
198,https://github.com/timurgen/AdventOfAda/archive/refs/heads/main.zip
199,https://github.com/mosteo/rxada/archive/refs/heads/main.zip
200,https://github.com/zertovitch/ini-files/archive/refs/heads/main.zip
201,https://github.com/AdaCore/ada_libfswatch/archive/refs/heads/main.zip
202,https://github.com/ativarsoft/overkill/archive/refs/heads/main.zip
203,https://github.com/simonjwright/coldframe/archive/refs/heads/main.zip
204,https://github.com/damg/backlight/archive/refs/heads/main.zip
205,https://github.com/kburtch/SparForte/archive/refs/heads/main.zip
206,https://github.com/persan/nmea/archive/refs/heads/main.zip
207,https://github.com/jfuica/bingada/archive/refs/heads/main.zip
208,https://github.com/osannolik/ada-motorcontrol/archive/refs/heads/main.zip
209,https://github.com/jklmnn/amatrix/archive/refs/heads/main.zip
210,https://github.com/raph-amiard/ada-soundio/archive/refs/heads/main.zip
211,https://github.com/HosakaCorp/go-spark/archive/refs/heads/main.zip
212,https://github.com/Kidev/AdaPhysics2D/archive/refs/heads/main.zip
213,https://github.com/Adalog-fr/Adacontrol/archive/refs/heads/main.zip
214,https://github.com/1ma/CurlAda/archive/refs/heads/main.zip
215,https://github.com/Robert-Tice/AdaFractal/archive/refs/heads/main.zip
216,https://github.com/reznikmm/jwt/archive/refs/heads/main.zip
217,https://github.com/Robert-Tice/Ada-C-Comparison-Leaflets/archive/refs/heads/main.zip
218,https://github.com/Robert-Tice/AdaFractalLib/archive/refs/heads/main.zip
219,https://github.com/jrmarino/draco/archive/refs/heads/main.zip
220,https://github.com/ChristophHaag/ada-Stopwatch/archive/refs/heads/main.zip
221,https://github.com/AdaHeads/openid-client/archive/refs/heads/main.zip
222,https://github.com/JeremyGrosser/rp/archive/refs/heads/main.zip
223,https://github.com/BrentSeidel/BBS-Ada-Widgets/archive/refs/heads/main.zip
224,https://github.com/AdaCore/RecordFlux/archive/refs/heads/main.zip
225,https://github.com/stcarrez/ada-search/archive/refs/heads/main.zip
226,https://github.com/ceemos/ada/archive/refs/heads/main.zip
227,https://github.com/reznikmm/onnx_runtime/archive/refs/heads/main.zip
228,https://github.com/98devin/ada-wfc/archive/refs/heads/main.zip
229,https://github.com/Heziode/ada-dotenv/archive/refs/heads/main.zip
230,https://github.com/SMerrony/dgemua/archive/refs/heads/main.zip
231,https://github.com/onox/wayland-ada/archive/refs/heads/main.zip
232,https://github.com/charlie5/lace/archive/refs/heads/main.zip
233,https://github.com/gerr135/wann/archive/refs/heads/main.zip
234,https://github.com/sowebio/aide/archive/refs/heads/main.zip
235,https://github.com/darkestkhan/imago/archive/refs/heads/main.zip
236,https://github.com/mosteo/iterators/archive/refs/heads/main.zip
237,https://github.com/BrentSeidel/Sim-CPU/archive/refs/heads/main.zip
238,https://github.com/persan/A-openssl/archive/refs/heads/main.zip
239,https://github.com/atalii/adage/archive/refs/heads/main.zip
240,https://github.com/kburtch/tia/archive/refs/heads/main.zip
241,https://github.com/merdmann/PersistentAda/archive/refs/heads/main.zip
242,https://github.com/ada-ros/rclada/archive/refs/heads/main.zip
243,https://github.com/stcarrez/ada-el/archive/refs/heads/main.zip
244,https://github.com/rostgaard/Asterisk-Communication/archive/refs/heads/main.zip
245,https://github.com/gerr135/ada_composition/archive/refs/heads/main.zip
246,https://github.com/simonjwright/analytical-engine/archive/refs/heads/main.zip
247,https://github.com/onox/inotify-ada/archive/refs/heads/main.zip
248,https://github.com/erik/ada-irc/archive/refs/heads/main.zip
249,https://github.com/adrianhoe/adaothello/archive/refs/heads/main.zip
250,https://github.com/johnleimon/avr-ada/archive/refs/heads/main.zip
251,https://github.com/mosteo/adagio/archive/refs/heads/main.zip
252,https://github.com/ohenley/adacore_jetson/archive/refs/heads/main.zip
253,https://github.com/stcarrez/sql-benchmark/archive/refs/heads/main.zip
254,https://github.com/JeremyGrosser/notcursesada/archive/refs/heads/main.zip
255,https://github.com/samueltardieu/areadline/archive/refs/heads/main.zip
256,https://github.com/Componolit/basalt/archive/refs/heads/main.zip
257,https://github.com/bertini36/phelpsCompiler/archive/refs/heads/main.zip
258,https://github.com/OneWingedShark/AdaProjectManager/archive/refs/heads/main.zip
259,https://github.com/stcarrez/ada-lzma/archive/refs/heads/main.zip
260,https://github.com/JeremyGrosser/epoll-ada/archive/refs/heads/main.zip
261,https://github.com/Blady-Com/Automate/archive/refs/heads/main.zip
262,https://github.com/zertovitch/ada-pdf-writer/archive/refs/heads/main.zip
263,https://github.com/pyjarrett/dir_iterators/archive/refs/heads/main.zip
264,https://github.com/Fabien-Chouteau/spark-railway-demo/archive/refs/heads/main.zip
265,https://github.com/briot/Ada-promises/archive/refs/heads/main.zip
266,https://github.com/docandrew/YOTROC/archive/refs/heads/main.zip
267,https://github.com/the-MIA/Prolog/archive/refs/heads/main.zip
268,https://github.com/TNO/Rewriters-Ada/archive/refs/heads/main.zip
269,https://github.com/jacksonchen07/Chatbox/archive/refs/heads/main.zip
270,https://github.com/stcarrez/ada-servlet/archive/refs/heads/main.zip
271,https://github.com/Fabien-Chouteau/lvgl-ada/archive/refs/heads/main.zip
272,https://github.com/esthermations/cargame-ada/archive/refs/heads/main.zip
273,https://github.com/reznikmm/increment/archive/refs/heads/main.zip
274,https://github.com/danielmercier/adagbemu/archive/refs/heads/main.zip
275,https://github.com/stcarrez/swagger-ada-todo/archive/refs/heads/main.zip
276,https://github.com/jgrivera67/HiRTOS/archive/refs/heads/main.zip
277,https://github.com/shakram02/lsm303agr-ada/archive/refs/heads/main.zip
278,https://github.com/JeremyGrosser/advent/archive/refs/heads/main.zip
279,https://github.com/GeertBosch/lisp/archive/refs/heads/main.zip
280,https://github.com/TurboGit/Ada-ODBC/archive/refs/heads/main.zip
281,https://github.com/NSeydoux/tech.io_Ada/archive/refs/heads/main.zip
282,https://github.com/danieagle/adare-net/archive/refs/heads/main.zip
283,https://github.com/simonjwright/ACATS/archive/refs/heads/main.zip
284,https://github.com/zertovitch/wasabee/archive/refs/heads/main.zip
285,https://github.com/JulianSchutsch/AdaOGL/archive/refs/heads/main.zip
286,https://github.com/flyx/ParserTools/archive/refs/heads/main.zip
287,https://github.com/ohenley/amoc/archive/refs/heads/main.zip
288,https://github.com/albinjal/Ada_Project/archive/refs/heads/main.zip
289,https://github.com/ytomino/yaml-ada/archive/refs/heads/main.zip
290,https://github.com/HeisenbugLtd/flac-ada/archive/refs/heads/main.zip
291,https://github.com/ohenley/aglw/archive/refs/heads/main.zip
292,https://github.com/onox/canberra-ada/archive/refs/heads/main.zip
293,https://github.com/onox/dcf-ada/archive/refs/heads/main.zip
294,https://github.com/hex-five/multizone-ada/archive/refs/heads/main.zip
295,https://github.com/Tbalta/Ada_Linux_Kernel_Module/archive/refs/heads/main.zip
296,https://github.com/Componolit/AZ3/archive/refs/heads/main.zip
297,https://github.com/alire-project/simple_logging/archive/refs/heads/main.zip
298,https://github.com/rtyler/dispatch-ada/archive/refs/heads/main.zip
299,https://github.com/darkestkhan/lumen2/archive/refs/heads/main.zip
300,https://github.com/n7space/adac-hybrid-msp430/archive/refs/heads/main.zip
301,https://github.com/Eggy115/Ada/archive/refs/heads/main.zip
302,https://github.com/thindil/tashy/archive/refs/heads/main.zip
303,https://github.com/mosteo/yeison/archive/refs/heads/main.zip
304,https://github.com/reznikmm/jupyter/archive/refs/heads/main.zip
305,https://github.com/seanpm2001/SNU_2D_ProgrammingTools_IDE_Ada/archive/refs/heads/main.zip
306,https://github.com/kanigsson/aoca/archive/refs/heads/main.zip
307,https://github.com/reznikmm/torrent/archive/refs/heads/main.zip
308,https://github.com/onox/emojis/archive/refs/heads/main.zip
309,https://github.com/stcarrez/ada-stemmer/archive/refs/heads/main.zip
310,https://github.com/rostgaard/libmbus-ada/archive/refs/heads/main.zip
311,https://github.com/FrankBuss/Ada_Synth/archive/refs/heads/main.zip
312,https://github.com/frett27/Ada-Midi/archive/refs/heads/main.zip
313,https://github.com/Tbalta/AdOS/archive/refs/heads/main.zip
314,https://github.com/Stykk-Gruppen/rts-project/archive/refs/heads/main.zip
315,https://github.com/albagcs/ADA/archive/refs/heads/main.zip
316,https://github.com/alkhimey/Ada_Joystick/archive/refs/heads/main.zip
317,https://github.com/98devin/ada-gba-dev/archive/refs/heads/main.zip
318,https://github.com/AdaCore/ada_coding_standards/archive/refs/heads/main.zip
319,https://github.com/darkestkhan/vt100/archive/refs/heads/main.zip
320,https://github.com/TamaMcGlinn/ada_raspio/archive/refs/heads/main.zip
321,https://github.com/tsoding/ada-probe/archive/refs/heads/main.zip
322,https://github.com/Entomy/Ada-exploits/archive/refs/heads/main.zip
323,https://github.com/frett27/Ada-Sodoku/archive/refs/heads/main.zip
324,https://github.com/zenharris/ada-bbs/archive/refs/heads/main.zip
325,https://github.com/jklmnn/adafb/archive/refs/heads/main.zip
326,https://github.com/ytomino/boehmgc-ada/archive/refs/heads/main.zip
327,https://github.com/faelys/markup-ada/archive/refs/heads/main.zip
328,https://github.com/ytomino/gmp-ada/archive/refs/heads/main.zip
329,https://github.com/joakim-strandberg/portable_ada/archive/refs/heads/main.zip
330,https://github.com/mcejp/IRONSIDES/archive/refs/heads/main.zip
331,https://github.com/adachess/AdaChess/archive/refs/heads/main.zip
332,https://github.com/Alex-Gamper/Ada-NetFramework/archive/refs/heads/main.zip
333,https://github.com/alkhimey/Ada_Curve/archive/refs/heads/main.zip
334,https://github.com/flyx/ada-bundler/archive/refs/heads/main.zip
335,https://github.com/kanigsson/bitcoin-ada/archive/refs/heads/main.zip
336,https://github.com/gnfletcher/AdaHW/archive/refs/heads/main.zip
337,https://github.com/Lucretia/uca/archive/refs/heads/main.zip
338,https://github.com/rtyler/xlib-ada/archive/refs/heads/main.zip
339,https://github.com/Fabien-Chouteau/solenoid-engine-controller/archive/refs/heads/main.zip
340,https://github.com/captain-haddock17/Advent_of_Code_2021/archive/refs/heads/main.zip
341,https://github.com/mosteo/uri-ada/archive/refs/heads/main.zip
342,https://github.com/jacksonchen07/HelloAda/archive/refs/heads/main.zip
343,https://github.com/xlq/ada-expat/archive/refs/heads/main.zip
344,https://github.com/guifelippe/cryptography-ada/archive/refs/heads/main.zip
345,https://github.com/blancolioni/rose/archive/refs/heads/main.zip
346,https://github.com/HeisenbugLtd/spat/archive/refs/heads/main.zip
347,https://github.com/reznikmm/acme-ada/archive/refs/heads/main.zip
348,https://github.com/rostgaard/libesl-ada/archive/refs/heads/main.zip
349,https://github.com/mosteo/agpl/archive/refs/heads/main.zip
350,https://github.com/OneWingedShark/FlashPlayer/archive/refs/heads/main.zip
351,https://github.com/cwi-swat/ada-air/archive/refs/heads/main.zip
352,https://github.com/RavSS/HAVK/archive/refs/heads/main.zip
353,https://github.com/ohenley/COVID-19_Simulator/archive/refs/heads/main.zip
354,https://github.com/oam2oam/ada-led-stm32/archive/refs/heads/main.zip
355,https://github.com/Irvise/Ada_SaxonSOC/archive/refs/heads/main.zip
356,https://github.com/oenone/pang/archive/refs/heads/main.zip
357,https://github.com/Ada-France/ada-france/archive/refs/heads/main.zip
358,https://github.com/Spuersinnx/Ada-Calculator/archive/refs/heads/main.zip
359,https://github.com/johnperry-math/AoC2020/archive/refs/heads/main.zip
360,https://github.com/io7m/coreland-openal-ada/archive/refs/heads/main.zip
361,https://github.com/pvrego/adaino/archive/refs/heads/main.zip
362,https://github.com/SMerrony/dashera/archive/refs/heads/main.zip
363,https://github.com/andreacervetti/buttons/archive/refs/heads/main.zip
364,https://github.com/Fabien-Chouteau/lpc_synth/archive/refs/heads/main.zip
365,https://github.com/michael-hardeman/base58_ada/archive/refs/heads/main.zip
366,https://github.com/it-cosmos/emBRICK/archive/refs/heads/main.zip
367,https://github.com/Lucretia/raytracer_challenge/archive/refs/heads/main.zip
368,https://github.com/YruamaLairba/gtkada-minesweeper/archive/refs/heads/main.zip
369,https://github.com/janverschelde/AdaEuropeTutorial/archive/refs/heads/main.zip
370,https://github.com/rasteric/lottery_ada/archive/refs/heads/main.zip
371,https://github.com/blancolioni/alix/archive/refs/heads/main.zip
372,https://github.com/blancolioni/minerva/archive/refs/heads/main.zip
373,https://github.com/jesselang/Solid-Web/archive/refs/heads/main.zip
374,https://github.com/der-teufel-programming/BFAda/archive/refs/heads/main.zip
375,https://github.com/Robert-Tice/AdaFractalCPP/archive/refs/heads/main.zip
376,https://github.com/TamaMcGlinn/AdaBots_examples/archive/refs/heads/main.zip
377,https://github.com/Roldak/Madarch/archive/refs/heads/main.zip
378,https://github.com/grahamstark/ada_mill/archive/refs/heads/main.zip
379,https://github.com/onox/evdev-ada/archive/refs/heads/main.zip
380,https://github.com/mosteo/player-ada/archive/refs/heads/main.zip
381,https://github.com/darkestkhan/oto/archive/refs/heads/main.zip
382,https://github.com/eugmes/osd-ada/archive/refs/heads/main.zip
383,https://github.com/sparre/ALSA-binding/archive/refs/heads/main.zip
384,https://github.com/Levraichacal/EMR1/archive/refs/heads/main.zip
385,https://github.com/albinjal/ada_basic/archive/refs/heads/main.zip
386,https://github.com/simonjwright/xia/archive/refs/heads/main.zip
387,https://github.com/ada-iso/ada_iso/archive/refs/heads/main.zip
388,https://github.com/raph-amiard/ada-py-bind/archive/refs/heads/main.zip
389,https://github.com/kimtg/euler-ada/archive/refs/heads/main.zip
390,https://github.com/sergeken/AdaOS/archive/refs/heads/main.zip
391,https://github.com/Fabien-Chouteau/littlefs-ada/archive/refs/heads/main.zip
392,https://github.com/Alex-Gamper/Ada-Win32/archive/refs/heads/main.zip
393,https://github.com/mborko/stm32f4-ada/archive/refs/heads/main.zip
394,https://github.com/HadrienG2/phalanstery/archive/refs/heads/main.zip
395,https://github.com/nocko/zfp-nrf51/archive/refs/heads/main.zip
396,https://github.com/enginestein/Cryptada/archive/refs/heads/main.zip
397,https://github.com/darthmartyn/adatftpd/archive/refs/heads/main.zip
398,https://github.com/zertovitch/excel-writer/archive/refs/heads/main.zip
399,https://github.com/landgraf/nanomsg-ada/archive/refs/heads/main.zip
400,https://github.com/SietsevanderMolen/fly-thing/archive/refs/heads/main.zip
401,https://github.com/berriedale/arun/archive/refs/heads/main.zip
402,https://github.com/alire-project/deepend/archive/refs/heads/main.zip
403,https://github.com/moriyoshi/mod_yudoufu/archive/refs/heads/main.zip
404,https://github.com/rtyler/hiredis-ada/archive/refs/heads/main.zip
405,https://github.com/harrisonturton/ada-pretty-print/archive/refs/heads/main.zip
406,https://github.com/gpicchiarelli/openbsd-ada/archive/refs/heads/main.zip
407,https://github.com/Fabien-Chouteau/task_coroutines/archive/refs/heads/main.zip
408,https://github.com/ila-embsys/zephyr-ada-gnat-rts/archive/refs/heads/main.zip
409,https://github.com/vasil-sd/ada-tlsf/archive/refs/heads/main.zip
410,https://github.com/sparre/Ada-2012-Examples/archive/refs/heads/main.zip
411,https://github.com/simonjwright/dhondt/archive/refs/heads/main.zip
412,https://github.com/stcarrez/resource-embedder/archive/refs/heads/main.zip
413,https://github.com/pyjarrett/progress_indicators/archive/refs/heads/main.zip
414,https://github.com/AdaCore/ada-py-bind/archive/refs/heads/main.zip
415,https://github.com/godunko/b2f4a/archive/refs/heads/main.zip
416,https://github.com/Silvanosky/Adarrose/archive/refs/heads/main.zip
417,https://github.com/davidkristola/apg/archive/refs/heads/main.zip
418,https://github.com/AdaDoom3/Ada3DS/archive/refs/heads/main.zip
419,https://github.com/m-pilia/red-black-tree/archive/refs/heads/main.zip
420,https://github.com/jklmnn/esp32c3-ada/archive/refs/heads/main.zip
421,https://github.com/onox/xoshiro/archive/refs/heads/main.zip
422,https://github.com/jhumphry/SPARK_NORX/archive/refs/heads/main.zip
423,https://github.com/reznikmm/coroutines/archive/refs/heads/main.zip
424,https://github.com/simonjwright/tcladashell/archive/refs/heads/main.zip
425,https://github.com/andreluizlunelli/RegistroAcademicoEmAda/archive/refs/heads/main.zip
426,https://github.com/lyarbean/ML4Ada/archive/refs/heads/main.zip
427,https://github.com/louis-etne/ada-vm/archive/refs/heads/main.zip
428,https://github.com/marcbejerano/ada-tools/archive/refs/heads/main.zip
429,https://github.com/darkestkhan/lazyfoo/archive/refs/heads/main.zip
430,https://github.com/Blady-Com/tp7ada-gnoga/archive/refs/heads/main.zip
431,https://github.com/persan/uuid/archive/refs/heads/main.zip
432,https://github.com/rogermc2/GA_Ada/archive/refs/heads/main.zip
433,https://github.com/reznikmm/network/archive/refs/heads/main.zip
434,https://github.com/hmorv/ADA-code-formatter/archive/refs/heads/main.zip
435,https://github.com/ativarsoft/chacha20/archive/refs/heads/main.zip
436,https://github.com/joewing/abfx/archive/refs/heads/main.zip
437,https://github.com/ohenley/aglw-demos/archive/refs/heads/main.zip
438,https://github.com/rsiffert/ada4j/archive/refs/heads/main.zip
439,https://github.com/michael94ellis/Ada_App/archive/refs/heads/main.zip
440,https://github.com/DillonDepeel/Ada-games/archive/refs/heads/main.zip
441,https://github.com/onox/weechat-ada/archive/refs/heads/main.zip
442,https://github.com/lgaff/plongeur/archive/refs/heads/main.zip
443,https://github.com/JvanKatwijk/ada-dab/archive/refs/heads/main.zip
444,https://github.com/Lucretia/test_binding/archive/refs/heads/main.zip
445,https://github.com/garryspins/adabf/archive/refs/heads/main.zip
446,https://github.com/csb6/libtcod-ada/archive/refs/heads/main.zip
447,https://github.com/christofferholmstedt/avr-ada/archive/refs/heads/main.zip
448,https://github.com/ytomino/openssl-ada/archive/refs/heads/main.zip
449,https://github.com/seanpm2001/Learn-Ada/archive/refs/heads/main.zip
450,https://github.com/ytomino/web-ada/archive/refs/heads/main.zip
451,https://github.com/simonjwright/adagoop/archive/refs/heads/main.zip
452,https://github.com/briot/adafuzzy/archive/refs/heads/main.zip
453,https://github.com/reznikmm/anagram/archive/refs/heads/main.zip
454,https://github.com/reznikmm/ada_ru/archive/refs/heads/main.zip
455,https://github.com/emacs-straight/ada-mode/archive/refs/heads/main.zip
456,https://github.com/STR-UPM/Embedded_Ada_Examples/archive/refs/heads/main.zip
457,https://github.com/pmderodat/libyaml-ada/archive/refs/heads/main.zip
458,https://github.com/wiremoons/apass/archive/refs/heads/main.zip
459,https://github.com/boxerbomb/dragon_compiler_Ada/archive/refs/heads/main.zip
460,https://github.com/zertovitch/azip/archive/refs/heads/main.zip
461,https://github.com/zmower/game-of-life/archive/refs/heads/main.zip
462,https://github.com/isavialard/TweetNaCl_binding/archive/refs/heads/main.zip
463,https://github.com/JeremyGrosser/linux_hal/archive/refs/heads/main.zip
464,https://github.com/stcarrez/ada-rest-api-server-benchmark/archive/refs/heads/main.zip
465,https://github.com/aiunderstand/Ada-Embedded-Project-MicroBitV2/archive/refs/heads/main.zip
466,https://github.com/Fabien-Chouteau/adventofcode-ada/archive/refs/heads/main.zip
467,https://github.com/leonardoce/ada-iup/archive/refs/heads/main.zip
468,https://github.com/glencornell/ada-socketcan/archive/refs/heads/main.zip
469,https://github.com/Ada-Audio/audio_base/archive/refs/heads/main.zip
470,https://github.com/jrcarter/Encryption-utilities/archive/refs/heads/main.zip
471,https://github.com/reznikmm/garlic/archive/refs/heads/main.zip
472,https://github.com/sarnold/generic-adt/archive/refs/heads/main.zip
473,https://github.com/frett27/Ada-GA/archive/refs/heads/main.zip
474,https://github.com/kanigsson/base58/archive/refs/heads/main.zip
475,https://github.com/ks0n/ldada/archive/refs/heads/main.zip
476,https://github.com/Heziode/lsystem-editor/archive/refs/heads/main.zip
477,https://github.com/charlie5/aIDE/archive/refs/heads/main.zip
478,https://github.com/JACJava/Introduction-to-Ada/archive/refs/heads/main.zip
479,https://github.com/jrcarter/AoA_22/archive/refs/heads/main.zip
480,https://github.com/ekoeppen/STM32_Generic_Ada_Drivers/archive/refs/heads/main.zip
481,https://github.com/mepholic/AresIRCd/archive/refs/heads/main.zip
482,https://github.com/joewing/adaavl/archive/refs/heads/main.zip
483,https://github.com/Jellix/interview_questions/archive/refs/heads/main.zip
484,https://github.com/heharkon/cmd_ada/archive/refs/heads/main.zip
485,https://github.com/jesselang/Solid-Audio/archive/refs/heads/main.zip
486,https://github.com/michelou/ada-examples/archive/refs/heads/main.zip
487,https://github.com/NikoHOME/JPr_Projekt_Ada/archive/refs/heads/main.zip
488,https://github.com/rostgaard/libusb0.1-ada/archive/refs/heads/main.zip
489,https://github.com/FredPraca/distributed_cbsg/archive/refs/heads/main.zip
490,https://github.com/gnlnops/gnat-stm32f429i-disco/archive/refs/heads/main.zip
491,https://github.com/Lucretia/aplug/archive/refs/heads/main.zip
492,https://github.com/aeszter/Coco-R/archive/refs/heads/main.zip
493,https://github.com/charlie5/Ada_Box2d/archive/refs/heads/main.zip
494,https://github.com/SMerrony/daikin2mqtt/archive/refs/heads/main.zip
495,https://github.com/nickpascucci/stm32f411-gnat-blink/archive/refs/heads/main.zip
496,https://github.com/onox/orka-demo/archive/refs/heads/main.zip
497,https://github.com/joelimgu/Lists_Ada_Package/archive/refs/heads/main.zip
498,https://github.com/alin-antohe/beginning-ada-programming/archive/refs/heads/main.zip
499,https://github.com/joakim-strandberg/xcb_library_thin_ada_binding/archive/refs/heads/main.zip
500,https://github.com/mgrojo/play_2048/archive/refs/heads/main.zip
501,https://github.com/gsmnv/Byron/archive/refs/heads/main.zip
502,https://github.com/emacsmirror/ada-mode/archive/refs/heads/main.zip
503,https://github.com/Heziode/aoc-ada-2021/archive/refs/heads/main.zip
504,https://github.com/wutka/advent-of-code-2022-spark/archive/refs/heads/main.zip
505,https://github.com/cunger/alr-template/archive/refs/heads/main.zip
506,https://github.com/Fabien-Chouteau/bare_runtime/archive/refs/heads/main.zip
507,https://github.com/eugmes/tricopter/archive/refs/heads/main.zip
508,https://github.com/FredPraca/adataptempo/archive/refs/heads/main.zip
509,https://github.com/berkeleynerd/libcrt/archive/refs/heads/main.zip
510,https://github.com/jesselang/Solid/archive/refs/heads/main.zip
511,https://github.com/zertovitch/cbsg/archive/refs/heads/main.zip
512,https://github.com/simonjwright/leak_detector/archive/refs/heads/main.zip
513,https://github.com/johnperry-math/PL-0-in-Ada/archive/refs/heads/main.zip
514,https://github.com/kocmohabt99/lpc43_uart_driver/archive/refs/heads/main.zip
515,https://github.com/erik/adabot/archive/refs/heads/main.zip
516,https://github.com/stcarrez/ada-libsecret/archive/refs/heads/main.zip
517,https://github.com/stcarrez/bbox-ada-api/archive/refs/heads/main.zip
518,https://github.com/bmsauer/termbox-ada/archive/refs/heads/main.zip
519,https://github.com/Blady-Com/QtAda6/archive/refs/heads/main.zip
520,https://github.com/faelys/gela-asis/archive/refs/heads/main.zip
521,https://github.com/dadaJaani/swen90010-HiS-passbook/archive/refs/heads/main.zip
522,https://github.com/kristiblhegeglu/AdaOving/archive/refs/heads/main.zip
523,https://github.com/Tanou81/ada-/archive/refs/heads/main.zip
524,https://github.com/asaritama/ADA/archive/refs/heads/main.zip
525,https://github.com/jhumphry/SPARK_SipHash/archive/refs/heads/main.zip
526,https://github.com/Alejandro1309/ADA/archive/refs/heads/main.zip
527,https://github.com/wildarren/ada/archive/refs/heads/main.zip
528,https://github.com/pmvera/ADA/archive/refs/heads/main.zip
529,https://github.com/maciekb05/Ada/archive/refs/heads/main.zip
530,https://github.com/ljflisp/ada/archive/refs/heads/main.zip
531,https://github.com/ShovelCode/ada/archive/refs/heads/main.zip
532,https://github.com/jmanuel34/Ada/archive/refs/heads/main.zip
533,https://github.com/LillyLyubarskaya/Parallel-programming-ada-rendezvous/archive/refs/heads/main.zip
534,https://github.com/Jprince9/DataStructures/archive/refs/heads/main.zip
535,https://github.com/AdmaJonse/tdd-ada/archive/refs/heads/main.zip
536,https://github.com/DallasHa/Image-Processor/archive/refs/heads/main.zip
537,https://github.com/crssnky/Ada/archive/refs/heads/main.zip
538,https://github.com/ab8266339/ada/archive/refs/heads/main.zip
539,https://github.com/Szelethus/ADA/archive/refs/heads/main.zip
540,https://github.com/ralvarezmar/ADA/archive/refs/heads/main.zip
541,https://github.com/hello-world-demo/ada/archive/refs/heads/main.zip
542,https://github.com/azorahai3724/Ada/archive/refs/heads/main.zip
543,https://github.com/0918nobita/ada/archive/refs/heads/main.zip
544,https://github.com/fhuaiquimilla/ada/archive/refs/heads/main.zip
545,https://github.com/DavidPumares/ADA/archive/refs/heads/main.zip
546,https://github.com/Psychkya/Ada/archive/refs/heads/main.zip
547,https://github.com/taylorc1009/Self-Driving-Car/archive/refs/heads/main.zip
548,https://github.com/BlackArrow013/ADA/archive/refs/heads/main.zip
549,https://github.com/mmabardy/Ada/archive/refs/heads/main.zip
550,https://github.com/tomeumascaro/ADA/archive/refs/heads/main.zip
551,https://github.com/creeperdeking/ada/archive/refs/heads/main.zip
552,https://github.com/bryantcl/Ada/archive/refs/heads/main.zip
553,https://github.com/n0nuser/Ada/archive/refs/heads/main.zip
554,https://github.com/arandomoracle/Ada/archive/refs/heads/main.zip
555,https://github.com/kspenc05/Ada/archive/refs/heads/main.zip
556,https://github.com/ygunday/ADA/archive/refs/heads/main.zip
557,https://github.com/Iskyco/Ada/archive/refs/heads/main.zip
558,https://github.com/NoliaXeh/ADA/archive/refs/heads/main.zip
559,https://github.com/97kovacspeter/ADA/archive/refs/heads/main.zip
560,https://github.com/adelinarf/Ada/archive/refs/heads/main.zip
561,https://github.com/adrianpisabarrogarcia/Ada/archive/refs/heads/main.zip
562,https://github.com/Jeeziorny/Ada/archive/refs/heads/main.zip
563,https://github.com/panda-vlad/Ada/archive/refs/heads/main.zip
564,https://github.com/RichyC/Ada/archive/refs/heads/main.zip
565,https://github.com/imonteroa/ADA/archive/refs/heads/main.zip
566,https://github.com/AgustinPe/ada/archive/refs/heads/main.zip
567,https://github.com/Lamis607/Ada/archive/refs/heads/main.zip
568,https://github.com/nathanvander/ada/archive/refs/heads/main.zip
569,https://github.com/elibalm/ADA/archive/refs/heads/main.zip
570,https://github.com/jpayton19/Ada/archive/refs/heads/main.zip
571,https://github.com/nghiaxlee/Ada/archive/refs/heads/main.zip
572,https://github.com/LinGuohao/ADA/archive/refs/heads/main.zip
573,https://github.com/pemaga12/ADA/archive/refs/heads/main.zip
574,https://github.com/EmericBourillon/ADA/archive/refs/heads/main.zip
575,https://github.com/ICC-Margot/Ada/archive/refs/heads/main.zip
576,https://github.com/MinhNhat007/Ada/archive/refs/heads/main.zip
577,https://github.com/KsiazeCienia/ada/archive/refs/heads/main.zip
578,https://github.com/jbenaventeheras/ADA/archive/refs/heads/main.zip
579,https://github.com/lucachapelle/ada/archive/refs/heads/main.zip
580,https://github.com/thethanlaw/ada/archive/refs/heads/main.zip
581,https://github.com/Brianalmeida/ada/archive/refs/heads/main.zip
582,https://github.com/JSDRAKE/ADA/archive/refs/heads/main.zip
583,https://github.com/jluzonlopez/ADA/archive/refs/heads/main.zip
584,https://github.com/JoshYoung-Cannon/Ada/archive/refs/heads/main.zip
585,https://github.com/Lafcadio79/Ada/archive/refs/heads/main.zip
586,https://github.com/igor1251/Ada/archive/refs/heads/main.zip
587,https://github.com/carlos1219/ADA/archive/refs/heads/main.zip
588,https://github.com/aguardado/Ada/archive/refs/heads/main.zip
589,https://github.com/jmcab95/ADA/archive/refs/heads/main.zip
590,https://github.com/Moodwend/Ada/archive/refs/heads/main.zip
591,https://github.com/PeterMaidaRobot/ADA/archive/refs/heads/main.zip
592,https://github.com/Intimaria/ada/archive/refs/heads/main.zip
593,https://github.com/RootAccessHacker/Ada/archive/refs/heads/main.zip
594,https://github.com/TomatoZero/Ada/archive/refs/heads/main.zip
595,https://github.com/fadado/Ada/archive/refs/heads/main.zip
596,https://github.com/ashlaya/Ada/archive/refs/heads/main.zip
597,https://github.com/mariabelenTC/ADA/archive/refs/heads/main.zip
598,https://github.com/PaulFSherwood/ada/archive/refs/heads/main.zip
599,https://github.com/Javierma22/ADA/archive/refs/heads/main.zip
600,https://github.com/billyn0treally/ada/archive/refs/heads/main.zip
601,https://github.com/AdamHoles/ADA/archive/refs/heads/main.zip
602,https://github.com/mariniere/Ada/archive/refs/heads/main.zip
603,https://github.com/kobashuu/Ada/archive/refs/heads/main.zip
604,https://github.com/crupib/ada/archive/refs/heads/main.zip
605,https://github.com/gorkinovich/ADA/archive/refs/heads/main.zip
606,https://github.com/GLSmith155/Ada/archive/refs/heads/main.zip
607,https://github.com/BasharLevin/ada/archive/refs/heads/main.zip
608,https://github.com/jamestomasino/leda/archive/refs/heads/main.zip
609,https://github.com/Fabien-Chouteau/flux/archive/refs/heads/main.zip
610,https://github.com/TX714/ada/archive/refs/heads/main.zip
611,https://github.com/lsoriai/ADA/archive/refs/heads/main.zip
612,https://github.com/PrzemyslawDrwal/Ada/archive/refs/heads/main.zip
613,https://github.com/greenfield0000/Ada/archive/refs/heads/main.zip
614,https://github.com/master-sems/ada/archive/refs/heads/main.zip
615,https://github.com/nurbiike-sadyk/ADA/archive/refs/heads/main.zip
616,https://github.com/tassadaryl/Ada/archive/refs/heads/main.zip
617,https://github.com/botko07/Ada/archive/refs/heads/main.zip
618,https://github.com/jhonnferrerosa/Ada/archive/refs/heads/main.zip
619,https://github.com/chuckshoe/ADA/archive/refs/heads/main.zip
620,https://github.com/AdrianRiao/ADA/archive/refs/heads/main.zip
621,https://github.com/OperationHectic/Ada/archive/refs/heads/main.zip
622,https://github.com/OldMcFu/Ada/archive/refs/heads/main.zip
623,https://github.com/davidbachii/Ada/archive/refs/heads/main.zip
624,https://github.com/samheather/ada/archive/refs/heads/main.zip
625,https://github.com/Geo-Metry/Ada/archive/refs/heads/main.zip
626,https://github.com/p02030507111317/Ada/archive/refs/heads/main.zip
627,https://github.com/DawidBrt/Ada/archive/refs/heads/main.zip
628,https://github.com/PhiTheta/Ada/archive/refs/heads/main.zip
629,https://github.com/ShiunduBruce/ADA/archive/refs/heads/main.zip
630,https://github.com/Nehabhoi/ADA/archive/refs/heads/main.zip
631,https://github.com/Karakean/Ada/archive/refs/heads/main.zip
632,https://github.com/Zach-GH/Ada/archive/refs/heads/main.zip
633,https://github.com/sydobd/ada/archive/refs/heads/main.zip
634,https://github.com/sahilgoel/Ada/archive/refs/heads/main.zip
635,https://github.com/Joshua-Brent-Collins/ada/archive/refs/heads/main.zip
636,https://github.com/eldercrul/ada/archive/refs/heads/main.zip
637,https://github.com/piotrmark/ADA/archive/refs/heads/main.zip
638,https://github.com/BroChase/Ada/archive/refs/heads/main.zip
639,https://github.com/kevinphilp/Ada/archive/refs/heads/main.zip
640,https://github.com/micomu/Ada/archive/refs/heads/main.zip
641,https://github.com/RobertAlden/Ada/archive/refs/heads/main.zip
642,https://github.com/HubGitPL/Ada/archive/refs/heads/main.zip
643,https://github.com/mkitzan/bare-metal-embedded/archive/refs/heads/main.zip
644,https://github.com/jf17/ada-hello/archive/refs/heads/main.zip
645,https://github.com/Tim-W-James/Ada-Reference-Code/archive/refs/heads/main.zip
646,https://github.com/jhumphry/LALG/archive/refs/heads/main.zip
647,https://github.com/glencornell/ada-object-framework/archive/refs/heads/main.zip
648,https://github.com/AnaWhibley/P3_Ada_Lab_02/archive/refs/heads/main.zip
649,https://github.com/AdmaJonse/ada-sort/archive/refs/heads/main.zip
650,https://github.com/sogilis/aws/archive/refs/heads/main.zip
651,https://github.com/zrhoffman/AdaCLIPS/archive/refs/heads/main.zip
652,https://github.com/micahwelf/FLTK-Ada/archive/refs/heads/main.zip
653,https://github.com/andrewathalye/wwtools-ada/archive/refs/heads/main.zip
654,https://github.com/Fabien-Chouteau/ada-axidraw/archive/refs/heads/main.zip
655,https://github.com/Luzkan/AdaConcurrency/archive/refs/heads/main.zip
656,https://github.com/jquorning/dk_8543/archive/refs/heads/main.zip
657,https://github.com/BrentSeidel/BBS-Ada/archive/refs/heads/main.zip
658,https://github.com/willg/adaSMU/archive/refs/heads/main.zip
659,https://github.com/skordal/ada-regex/archive/refs/heads/main.zip
660,https://github.com/stcarrez/ada-mail/archive/refs/heads/main.zip
661,https://github.com/raph-amiard/ada-python-interfacing/archive/refs/heads/main.zip
662,https://github.com/alire-project/zlib-ada/archive/refs/heads/main.zip
663,https://github.com/reznikmm/gela/archive/refs/heads/main.zip
664,https://github.com/mcavalcantib/Ada-Concurrency/archive/refs/heads/main.zip
665,https://github.com/AdaCore/AdaSAT/archive/refs/heads/main.zip
666,https://github.com/charlie5/cBound/archive/refs/heads/main.zip
667,https://github.com/aeszter/lox-spark/archive/refs/heads/main.zip
668,https://github.com/Blast545/Effects_Manager/archive/refs/heads/main.zip
669,https://github.com/rej696/pico-with-ada/archive/refs/heads/main.zip
670,https://github.com/kg6zvp/acc/archive/refs/heads/main.zip
671,https://github.com/onox/opus-ada/archive/refs/heads/main.zip
672,https://github.com/bosepchuk/High_Integrity_Sumobot/archive/refs/heads/main.zip
673,https://github.com/davidhildenbrand/SnakeAda/archive/refs/heads/main.zip
674,https://github.com/leo-brewin/ada-lapack/archive/refs/heads/main.zip
675,https://github.com/RREE/AVRAda_Examples/archive/refs/heads/main.zip
676,https://github.com/theREALdebater/eclat/archive/refs/heads/main.zip
677,https://github.com/PaulThouv/SudokuSolver/archive/refs/heads/main.zip
678,https://github.com/NoelGuzman/Warshall-Option-C/archive/refs/heads/main.zip
679,https://github.com/dronade/simple-takeoff-system/archive/refs/heads/main.zip
680,https://github.com/simonjwright/Quaternions/archive/refs/heads/main.zip
681,https://github.com/Blady-Com/tp7ada-gtkada/archive/refs/heads/main.zip
682,https://github.com/astro-jerry/Ada-Buggy/archive/refs/heads/main.zip
683,https://github.com/zrmyers/VulkanAda/archive/refs/heads/main.zip
684,https://github.com/paologas91/ADA-projects/archive/refs/heads/main.zip
685,https://github.com/indirivacua/ADA-Tasks/archive/refs/heads/main.zip
686,https://github.com/adefrutoscasado/P2P-Chat-in-ADA/archive/refs/heads/main.zip
687,https://github.com/SietsevanderMolen/adawm/archive/refs/heads/main.zip
688,https://github.com/pchapin/sift/archive/refs/heads/main.zip
689,https://github.com/charlie5/Ada_Script_Language/archive/refs/heads/main.zip
690,https://github.com/PiotrKedra/ConcurentFroger/archive/refs/heads/main.zip
691,https://github.com/Lucretia/xpressada/archive/refs/heads/main.zip
692,https://github.com/RREE/AOC_2020/archive/refs/heads/main.zip
693,https://github.com/mosteo/workers/archive/refs/heads/main.zip
694,https://github.com/ceberly/sparkmemory/archive/refs/heads/main.zip
695,https://github.com/ArdeshirV/HelloAda/archive/refs/heads/main.zip
696,https://github.com/id2359/adaplant/archive/refs/heads/main.zip
697,https://github.com/simonjwright/ASIS/archive/refs/heads/main.zip
698,https://github.com/jamestomasino/ada-practice/archive/refs/heads/main.zip
699,https://github.com/joseaverde/adatyper/archive/refs/heads/main.zip
700,https://github.com/MatrixMike/AdaDemo1/archive/refs/heads/main.zip
701,https://github.com/Badoum92/Tada/archive/refs/heads/main.zip
702,https://github.com/uOptim/AdaProj/archive/refs/heads/main.zip
703,https://github.com/codeOverFlow/cuddly-journey/archive/refs/heads/main.zip
704,https://github.com/TheBaronMc/family_tree_ada/archive/refs/heads/main.zip
705,https://github.com/joseaverde/Malef/archive/refs/heads/main.zip
706,https://github.com/zonradkuse/AdaLesson/archive/refs/heads/main.zip
707,https://github.com/htugba/Adatraining/archive/refs/heads/main.zip
708,https://github.com/Blady-Com/j2ada/archive/refs/heads/main.zip
709,https://github.com/mischo5500/ADA_HW_FAIL/archive/refs/heads/main.zip
710,https://github.com/Clement-Torti/genealogic-tree/archive/refs/heads/main.zip
711,https://github.com/kubas1129/Bramki/archive/refs/heads/main.zip
712,https://github.com/drom/isAda/archive/refs/heads/main.zip
713,https://github.com/oscargomezg/ADA_CURSO/archive/refs/heads/main.zip
714,https://github.com/yaon/ada-2hu/archive/refs/heads/main.zip
715,https://github.com/reznikmm/advent-of-ada/archive/refs/heads/main.zip
716,https://github.com/dejatyla/Concepts_A3/archive/refs/heads/main.zip
717,https://github.com/quartermeat/ada_scratch/archive/refs/heads/main.zip
718,https://github.com/wniedzwiedz/PWiR-Alarm/archive/refs/heads/main.zip
719,https://github.com/idushkin/Formacion-Ada/archive/refs/heads/main.zip
720,https://github.com/embeddedclub/adacore/archive/refs/heads/main.zip
721,https://github.com/Kidev/DemoAdaPhysics2D/archive/refs/heads/main.zip
722,https://github.com/onox/spoon/archive/refs/heads/main.zip
723,https://github.com/adrianweidig/ADA-Kurs/archive/refs/heads/main.zip
724,https://github.com/guigui64/ada-sandbox/archive/refs/heads/main.zip
725,https://github.com/shintakezou/adaplayground/archive/refs/heads/main.zip
726,https://github.com/JHogstrom1/ADA-kurs-1/archive/refs/heads/main.zip
727,https://github.com/grahamstark/tax_benefit_model_components/archive/refs/heads/main.zip
728,https://github.com/JeremyGrosser/tiny_text/archive/refs/heads/main.zip
729,https://github.com/LionelDraghi/List_Image/archive/refs/heads/main.zip
730,https://github.com/Fabien-Chouteau/AGATE/archive/refs/heads/main.zip
731,https://github.com/frank-at-adacore/code_obfuscator/archive/refs/heads/main.zip
732,https://github.com/jonoliver82/AdaDecoratorPattern/archive/refs/heads/main.zip
733,https://github.com/jhumphry/auto_counters/archive/refs/heads/main.zip
734,https://github.com/thindil/tashy2/archive/refs/heads/main.zip
735,https://github.com/dkm/click/archive/refs/heads/main.zip
736,https://github.com/BrentSeidel/Pi-Mainframe/archive/refs/heads/main.zip
737,https://github.com/guillengap/robotcar-neuralnetwork-adacore/archive/refs/heads/main.zip
738,https://github.com/mosteo/hungarian/archive/refs/heads/main.zip
739,https://github.com/skordal/cupcake/archive/refs/heads/main.zip
740,https://github.com/stcarrez/stm32-ui/archive/refs/heads/main.zip
741,https://github.com/john-vinters/ConfigFile/archive/refs/heads/main.zip
742,https://github.com/reznikmm/webdriver/archive/refs/heads/main.zip
743,https://github.com/andrewathalye/libgmp-ada2022/archive/refs/heads/main.zip
744,https://github.com/TNO/Dependency_Graph_Extractor-Ada/archive/refs/heads/main.zip
745,https://github.com/maracode/AdaFlightGear/archive/refs/heads/main.zip
746,https://github.com/cnngimenez/SeA-common/archive/refs/heads/main.zip
747,https://github.com/zertovitch/texcad/archive/refs/heads/main.zip
748,https://github.com/alvaromb/Compilemon/archive/refs/heads/main.zip
749,https://github.com/godunko/hexapod/archive/refs/heads/main.zip
750,https://github.com/giapdangle/avr-ada/archive/refs/heads/main.zip
751,https://github.com/richardballantyne/hello-world-ada/archive/refs/heads/main.zip
752,https://github.com/python36/inotify-ada/archive/refs/heads/main.zip
753,https://github.com/wruslanmit/ada-stable-packages/archive/refs/heads/main.zip
754,https://github.com/wruslanump/ada-parallel-tasks/archive/refs/heads/main.zip
755,https://github.com/HeisenbugLtd/si_units/archive/refs/heads/main.zip
756,https://github.com/lyarbean/xxhash-ada/archive/refs/heads/main.zip
757,https://github.com/fyrchik/mal-ada/archive/refs/heads/main.zip
758,https://github.com/onidoru/ada-simple-mt/archive/refs/heads/main.zip
759,https://github.com/DavidLeon89/Ada_Lab_01/archive/refs/heads/main.zip
760,https://github.com/smionean/smionean-Ada-test/archive/refs/heads/main.zip
761,https://github.com/heijligen/spark_playground/archive/refs/heads/main.zip
762,https://github.com/estebanolroberto/ADA-Implementacion/archive/refs/heads/main.zip
763,https://github.com/dimitri4d/ada_sudoku/archive/refs/heads/main.zip
764,https://github.com/ZetLee/ADA2/archive/refs/heads/main.zip
765,https://github.com/tdwsl/ada-hello/archive/refs/heads/main.zip
766,https://github.com/David312/Ada-Learning/archive/refs/heads/main.zip
767,https://github.com/ficorax/cfa/archive/refs/heads/main.zip
768,https://github.com/JulTob/Chat/archive/refs/heads/main.zip
769,https://github.com/djose1164/ada-programming/archive/refs/heads/main.zip
770,https://github.com/shejer/projetPim/archive/refs/heads/main.zip
771,https://github.com/kolmit/unesoiree/archive/refs/heads/main.zip
772,https://github.com/offish/adaland/archive/refs/heads/main.zip
773,https://github.com/pirulito1A4/PLCAda/archive/refs/heads/main.zip
774,https://github.com/pomadchin/ada-sample/archive/refs/heads/main.zip
775,https://github.com/paszczureKk/Ada-multi-task/archive/refs/heads/main.zip
776,https://github.com/Pomsss/ada_snake/archive/refs/heads/main.zip
777,https://github.com/wruslanump/ada-array-processing/archive/refs/heads/main.zip
778,https://github.com/xtuml/mcada/archive/refs/heads/main.zip
779,https://github.com/reznikmm/rtt/archive/refs/heads/main.zip
780,https://github.com/sonneveld/adazmq/archive/refs/heads/main.zip
781,https://github.com/skill-lang/skillAdaTestSuite/archive/refs/heads/main.zip
782,https://github.com/wshca/LegacyProgramming.ADA/archive/refs/heads/main.zip
783,https://github.com/hmorv/ADA-stack/archive/refs/heads/main.zip
784,https://github.com/LeoMehraban/ada-blackjack/archive/refs/heads/main.zip
785,https://github.com/wruslanump/ada-parallel-port/archive/refs/heads/main.zip
786,https://github.com/wruslanump/ada-random-numbers/archive/refs/heads/main.zip
787,https://github.com/andydevs/ada-exploration/archive/refs/heads/main.zip
788,https://github.com/pcarlett/dist-soccer/archive/refs/heads/main.zip
789,https://github.com/xuedong/mini-ada/archive/refs/heads/main.zip
790,https://github.com/seb1039/Ada_IRC_Client/archive/refs/heads/main.zip
791,https://github.com/17njensen/ada-3-part-timer/archive/refs/heads/main.zip
792,https://github.com/FcoJesusDiaz/ConcurrenteTrabajo/archive/refs/heads/main.zip
793,https://github.com/Punie/patchwork/archive/refs/heads/main.zip
794,https://github.com/AdamaDodoCisse/TicTacToe-Ada/archive/refs/heads/main.zip
795,https://github.com/przemko/ada-by-example/archive/refs/heads/main.zip
796,https://github.com/dc105297/ada_basics/archive/refs/heads/main.zip
797,https://github.com/sroyuela/ada_omp_jsa_apps/archive/refs/heads/main.zip
798,https://github.com/allissonrey/tabuAda/archive/refs/heads/main.zip
799,https://github.com/JeremyGrosser/plplot-ada/archive/refs/heads/main.zip
800,https://github.com/jrmarino/classified/archive/refs/heads/main.zip
801,https://github.com/PeAlonso-byte/PA_ADA/archive/refs/heads/main.zip
802,https://github.com/Alejandrozic/Learning-Ada/archive/refs/heads/main.zip
803,https://github.com/tarnowsky/ADA-laby/archive/refs/heads/main.zip
804,https://github.com/adurandom/CryptAda/archive/refs/heads/main.zip
805,https://github.com/yusefBoutahar/Ada_program/archive/refs/heads/main.zip
806,https://github.com/Thiwer/CartaTAD/archive/refs/heads/main.zip
807,https://github.com/HamzaMakri/Ada1/archive/refs/heads/main.zip
808,https://github.com/JERRYNSNFISA/SGF/archive/refs/heads/main.zip
809,https://github.com/wruslanump/ada-call-python2-modules/archive/refs/heads/main.zip
810,https://github.com/HeisenbugLtd/Saatana/archive/refs/heads/main.zip
811,https://github.com/HeisenbugLtd/aicwl/archive/refs/heads/main.zip
812,https://github.com/ada-lang-io/import-style-guide/archive/refs/heads/main.zip
813,https://github.com/christofferholmstedt/ada-oneway-bridge/archive/refs/heads/main.zip
814,https://github.com/joshikedars19/ADA-/archive/refs/heads/main.zip
815,https://github.com/YuniTsukiyama/ADA-Gence-Tout-RISC/archive/refs/heads/main.zip
816,https://github.com/UrbaNTHoR72/sudoku/archive/refs/heads/main.zip
817,https://github.com/MulliganKyle/SE320/archive/refs/heads/main.zip
818,https://github.com/python36/libcurl-ada/archive/refs/heads/main.zip
819,https://github.com/anuj-seth/adatudes/archive/refs/heads/main.zip
820,https://github.com/landgraf/adbci/archive/refs/heads/main.zip
821,https://github.com/AdaForge/Thematics/archive/refs/heads/main.zip
822,https://github.com/thorstel/Advent-of-Code-2018/archive/refs/heads/main.zip
823,https://github.com/simonjwright/libadalang2xml/archive/refs/heads/main.zip
824,https://github.com/senier/rflx_sniffer/archive/refs/heads/main.zip
825,https://github.com/pmderodat/eventail/archive/refs/heads/main.zip
826,https://github.com/jwarwick/aoc_2020/archive/refs/heads/main.zip
827,https://github.com/wruslangit/ada-edit-ngc-codes/archive/refs/heads/main.zip
828,https://github.com/Spohn/LegendOfZelba/archive/refs/heads/main.zip
829,https://github.com/nicovince/ada_oc/archive/refs/heads/main.zip
830,https://github.com/rationalgaze/M1-TP-ADA/archive/refs/heads/main.zip
831,https://github.com/TheReal3rd/LearningADA/archive/refs/heads/main.zip
832,https://github.com/LeGmask/AdaRank/archive/refs/heads/main.zip
833,https://github.com/adabingw/helloworld/archive/refs/heads/main.zip
834,https://github.com/KGratkiewicz/Mechanizm-Spotkan-ADA/archive/refs/heads/main.zip
835,https://github.com/JaymeAlann/Ada-Software/archive/refs/heads/main.zip
836,https://github.com/onox/xdg-base-dir/archive/refs/heads/main.zip
837,https://github.com/captain-haddock17/Advent_of_Code_2022/archive/refs/heads/main.zip
838,https://github.com/omonimus1/ada-spark-car-assistant/archive/refs/heads/main.zip
839,https://github.com/thibaultmthh/adaS1projetJeuAntivirus/archive/refs/heads/main.zip
840,https://github.com/Lucretia/adaspir-v/archive/refs/heads/main.zip
841,https://github.com/jimwise/aempire/archive/refs/heads/main.zip
842,https://github.com/stcarrez/hestia/archive/refs/heads/main.zip
843,https://github.com/merdmann/tam/archive/refs/heads/main.zip
844,https://github.com/Nikokrock/adazlib/archive/refs/heads/main.zip
845,https://github.com/Felstj/TDIU08/archive/refs/heads/main.zip
846,https://github.com/ekoeppen/ada-null-runtime/archive/refs/heads/main.zip
847,https://github.com/likai3g/afmt/archive/refs/heads/main.zip
848,https://github.com/MasterBlck/ada-programs/archive/refs/heads/main.zip
849,https://github.com/reznikmm/declarative-regions/archive/refs/heads/main.zip
850,https://github.com/damaki/ravenscar-sfp-evb1000/archive/refs/heads/main.zip
851,https://github.com/mmanou/Spark-Calculator/archive/refs/heads/main.zip
852,https://github.com/codelabs-ch/xia/archive/refs/heads/main.zip
853,https://github.com/lyarbean/Ada-stuff/archive/refs/heads/main.zip
854,https://github.com/Slayerx86/ADAS6/archive/refs/heads/main.zip
855,https://github.com/btmalone/alog/archive/refs/heads/main.zip
856,https://github.com/danvg/Ada_SDL2/archive/refs/heads/main.zip
857,https://github.com/PaPablo/proposiciones-ada/archive/refs/heads/main.zip
858,https://github.com/m7a/bo-blake3-ada/archive/refs/heads/main.zip
859,https://github.com/RoastVeg/ada-ci/archive/refs/heads/main.zip
860,https://github.com/rileyteige/adacomp/archive/refs/heads/main.zip
861,https://github.com/ashleygay/ada_epita/archive/refs/heads/main.zip
862,https://github.com/Arfikait-Sirius/Princesses/archive/refs/heads/main.zip
863,https://github.com/wruslanmmu/ada-callpython-matplotlib/archive/refs/heads/main.zip
864,https://github.com/Cmoney12/ada_gtk_example/archive/refs/heads/main.zip
865,https://github.com/pierre-arnaudAlmeida/2048/archive/refs/heads/main.zip
866,https://github.com/Bruno-Muller/ENSISA-ADA/archive/refs/heads/main.zip
867,https://github.com/Duffimuss/Palindrome-Finder/archive/refs/heads/main.zip
868,https://github.com/kennyjob/Compiler-Java-0/archive/refs/heads/main.zip
869,https://github.com/blancolioni/syn/archive/refs/heads/main.zip
870,https://github.com/henry50/aes-ada/archive/refs/heads/main.zip
871,https://github.com/persan/auto-io-gen/archive/refs/heads/main.zip
872,https://github.com/sbianti/UPnP/archive/refs/heads/main.zip
873,https://github.com/prateeksappadla/matrix-multiplication-ada/archive/refs/heads/main.zip
874,https://github.com/littlen101/Panther-ADA/archive/refs/heads/main.zip
875,https://github.com/reznikmm/markdown/archive/refs/heads/main.zip
876,https://github.com/reznikmm/mimsy/archive/refs/heads/main.zip
877,https://github.com/johnleimon/free-ada-toolkit/archive/refs/heads/main.zip
878,https://github.com/persan/a-libpcap/archive/refs/heads/main.zip
879,https://github.com/adrixo/Introduccion-a-ADA/archive/refs/heads/main.zip
880,https://github.com/efripley/ada-learning/archive/refs/heads/main.zip
881,https://github.com/dadapush/dadapush-ada-client/archive/refs/heads/main.zip
882,https://github.com/godunko/cga/archive/refs/heads/main.zip
883,https://github.com/thvnx/admpfr/archive/refs/heads/main.zip
884,https://github.com/RomainMIRAS/GameAntivirus/archive/refs/heads/main.zip
885,https://github.com/kylelk/interface-example/archive/refs/heads/main.zip
886,https://github.com/awalkerca/Ada-Examples/archive/refs/heads/main.zip
887,https://github.com/matteo-grella/arcoll/archive/refs/heads/main.zip
888,https://github.com/wruslangit/ada-strings-unbounded-edit/archive/refs/heads/main.zip
889,https://github.com/cbvi/adalist/archive/refs/heads/main.zip
890,https://github.com/DylanLapham/AdaPrograms/archive/refs/heads/main.zip
891,https://github.com/nbrk/qva/archive/refs/heads/main.zip
892,https://github.com/steventhon/CPE430Assignment6/archive/refs/heads/main.zip
893,https://github.com/bpeynet/Jeu_Ada/archive/refs/heads/main.zip
894,https://github.com/persan/a-libusb/archive/refs/heads/main.zip
895,https://github.com/OneWingedShark/TAO-GL/archive/refs/heads/main.zip
896,https://github.com/io7m/coreland-opengl-ada/archive/refs/heads/main.zip
897,https://github.com/lucassab31/sudoku/archive/refs/heads/main.zip
898,https://github.com/wruslanump/ada-strings-unbounded-edit/archive/refs/heads/main.zip
899,https://github.com/lmeninato/ParallelMergeSort/archive/refs/heads/main.zip
900,https://github.com/symengine/symengine.ada/archive/refs/heads/main.zip
901,https://github.com/xyderos/real-time-systems-ada/archive/refs/heads/main.zip
902,https://github.com/ChristopherVsn/takuzu-solver/archive/refs/heads/main.zip
903,https://github.com/atalii/argon2-ada/archive/refs/heads/main.zip
904,https://github.com/pmderodat/libuv-ada/archive/refs/heads/main.zip
905,https://github.com/NicolasDucom/Interprete-Logo/archive/refs/heads/main.zip
906,https://github.com/makrauss/calculator/archive/refs/heads/main.zip
907,https://github.com/persan/a-taglib/archive/refs/heads/main.zip
908,https://github.com/wruslanmmu/gtk-ada-basic/archive/refs/heads/main.zip
909,https://github.com/mohammedahmadi1990/Image-Processing-In-Ada/archive/refs/heads/main.zip
910,https://github.com/ZiLOG-Z180/ada-TRNG/archive/refs/heads/main.zip
911,https://github.com/canalada-org/AdaIntl/archive/refs/heads/main.zip
912,https://github.com/Brian-Drummond/testgtk_harness/archive/refs/heads/main.zip
913,https://github.com/johnperry-math/AoC2021/archive/refs/heads/main.zip
914,https://github.com/canalada-org/Travian_Combat/archive/refs/heads/main.zip
915,https://github.com/shunyanlin/ProjetTAD/archive/refs/heads/main.zip
916,https://github.com/raph-amiard/ada-nanovg/archive/refs/heads/main.zip
917,https://github.com/Carlisfrin/Chat-P2P/archive/refs/heads/main.zip
918,https://github.com/prphet337/Itec320/archive/refs/heads/main.zip
919,https://github.com/OneWingedShark/IkaMo/archive/refs/heads/main.zip
920,https://github.com/DOboznyi/AdaSem/archive/refs/heads/main.zip
921,https://github.com/yusefBoutahar/Trabajo_V.Formal_PR3/archive/refs/heads/main.zip
922,https://github.com/imrankhan15/Ada-Software-Engineering/archive/refs/heads/main.zip
923,https://github.com/alban-linard/adda/archive/refs/heads/main.zip
924,https://github.com/riccardo-bernardini/pulsada/archive/refs/heads/main.zip
925,https://github.com/matth3wology/ada_repo/archive/refs/heads/main.zip
926,https://github.com/analogrelay/ada-assertion-failed-repro/archive/refs/heads/main.zip
927,https://github.com/joelreymont/libusb-ada/archive/refs/heads/main.zip
928,https://github.com/YoannDupont/GAAL/archive/refs/heads/main.zip
929,https://github.com/mrnul/SudokuADA/archive/refs/heads/main.zip
930,https://github.com/jklmnn/wiringPi-Ada/archive/refs/heads/main.zip
931,https://github.com/godunko/adawebui/archive/refs/heads/main.zip
932,https://github.com/Feqzz/RSA/archive/refs/heads/main.zip
933,https://github.com/wruslanmmu/ada-callpython-numpy/archive/refs/heads/main.zip
934,https://github.com/reznikmm/lace/archive/refs/heads/main.zip
935,https://github.com/reznikmm/webidl/archive/refs/heads/main.zip
936,https://github.com/TheWizardAndTheWyrd/Ravenscar_Patterns/archive/refs/heads/main.zip
937,https://github.com/giapdangle/Ada-1/archive/refs/heads/main.zip
938,https://github.com/sparre/aYAML/archive/refs/heads/main.zip
939,https://github.com/ficorax/PortAudioAda/archive/refs/heads/main.zip
940,https://github.com/jtonyortiz/Ada-Programming-Language/archive/refs/heads/main.zip
941,https://github.com/cy-4/PageRank/archive/refs/heads/main.zip
942,https://github.com/mosteo/optional/archive/refs/heads/main.zip
943,https://github.com/mbdj/sh1106/archive/refs/heads/main.zip
944,https://github.com/MrWiseCoder/learning_ada/archive/refs/heads/main.zip
945,https://github.com/tdwsl/mapgen/archive/refs/heads/main.zip
946,https://github.com/nbrk/quiza/archive/refs/heads/main.zip
947,https://github.com/JeremyGrosser/hackrf_binding/archive/refs/heads/main.zip
948,https://github.com/zertovitch/ulid/archive/refs/heads/main.zip
949,https://github.com/KWMalik/adatree/archive/refs/heads/main.zip
950,https://github.com/tyuthust/HISE1/archive/refs/heads/main.zip
951,https://github.com/onidoru/AdaLabs/archive/refs/heads/main.zip
952,https://github.com/mariaffs/adaprogramming/archive/refs/heads/main.zip
953,https://github.com/aytey/CBT_for_Ada_Examples/archive/refs/heads/main.zip
954,https://github.com/johnleimon/ada-neural/archive/refs/heads/main.zip
955,https://github.com/alire-project/old-index/archive/refs/heads/main.zip
956,https://github.com/MatrixMike/AdaI2CDemo/archive/refs/heads/main.zip
957,https://github.com/professorbee/ada-kakoune/archive/refs/heads/main.zip
958,https://github.com/mangl-auf/loga/archive/refs/heads/main.zip
959,https://github.com/louis-etne/ada-ray/archive/refs/heads/main.zip
960,https://github.com/TamaMcGlinn/ada_practice/archive/refs/heads/main.zip
961,https://github.com/jhumphry/Ascon_SPARK/archive/refs/heads/main.zip
962,https://github.com/balintsoos/LearnAda/archive/refs/heads/main.zip
963,https://github.com/McKayR/projet-Ada/archive/refs/heads/main.zip
964,https://github.com/will-gates/hi_world/archive/refs/heads/main.zip
965,https://github.com/yulyasystem/ada-practice/archive/refs/heads/main.zip
966,https://github.com/wruslanmmu/ada-callpython-scipy/archive/refs/heads/main.zip
967,https://github.com/molostoff/AdaBaseXClient/archive/refs/heads/main.zip
968,https://github.com/m7a/bo-lz4-ada/archive/refs/heads/main.zip
969,https://github.com/alice-adventures/Alice/archive/refs/heads/main.zip
970,https://github.com/rjdbcm/slykernel/archive/refs/heads/main.zip
971,https://github.com/isabelvillaruiz/ADA-2018-2019/archive/refs/heads/main.zip
972,https://github.com/matthewfrost/AdaTrafficLightSimulator/archive/refs/heads/main.zip
973,https://github.com/Yock138/ADA-Self-Written-Assignments/archive/refs/heads/main.zip
974,https://github.com/RunarEckholdt/What_A_Save/archive/refs/heads/main.zip
975,https://github.com/simonjwright/minimal_containers/archive/refs/heads/main.zip
976,https://github.com/sanghviharshit/config-parser-ada/archive/refs/heads/main.zip
977,https://github.com/gianm99/stock-tienda/archive/refs/heads/main.zip
978,https://github.com/JCGobbi/Ada_Modbus_Protocol/archive/refs/heads/main.zip
979,https://github.com/onox/weechat-emoji/archive/refs/heads/main.zip
980,https://github.com/zertovitch/engine-3d/archive/refs/heads/main.zip
981,https://github.com/maxxibull/Concurrent-Programming-Ada/archive/refs/heads/main.zip
982,https://github.com/JCGobbi/Ada_Arduino_Shields/archive/refs/heads/main.zip
983,https://github.com/ajmyers01/ADA_Practice_Programs/archive/refs/heads/main.zip
984,https://github.com/yasaspeiris/ADA_Modbus_Analyzer/archive/refs/heads/main.zip
985,https://github.com/fasalmbt/Ada-programs/archive/refs/heads/main.zip
986,https://github.com/jaypatelani/NetBee/archive/refs/heads/main.zip
987,https://github.com/zertovitch/lang-index/archive/refs/heads/main.zip
988,https://github.com/tkoskine/ahven/archive/refs/heads/main.zip
989,https://github.com/canalada-org/d_byte/archive/refs/heads/main.zip
990,https://github.com/schwering/regexp/archive/refs/heads/main.zip
991,https://github.com/Salvatore-tech/Sistemas-de-Tiempo-Real/archive/refs/heads/main.zip
992,https://github.com/vivianjia123/Password-Manager/archive/refs/heads/main.zip
993,https://github.com/AtlasGondal/check-even-odd-in-ada/archive/refs/heads/main.zip
994,https://github.com/pmlcrz/helloworldinada/archive/refs/heads/main.zip
995,https://github.com/qunying/texia/archive/refs/heads/main.zip
996,https://github.com/matb4r/ada-sync/archive/refs/heads/main.zip
997,https://github.com/wruslanmmu/python-callada-template/archive/refs/heads/main.zip
998,https://github.com/j2B237/GtkAda-UI/archive/refs/heads/main.zip
999,https://github.com/TamaMcGlinn/ada-remoteio-tutorial/archive/refs/heads/main.zip
